"country","continent"
"Vanuatu","Australia/Oceania"
"Saint Vincent and the Grenadines","America"
"Christmas Island","Australia/Oceania"
"Anguilla","America"
"Indonesia","Australia/Oceania"
"Indonesia","Asia"
"Costa Rica","America"
"Greenland","America"
"Mauritius","Africa"
"Macedonia","Europe"
"Reunion","Africa"
"Tuvalu","Australia/Oceania"
"Egypt","Asia"
"Egypt","Africa"
"Spain","Europe"
"Guatemala","America"
"Belgium","Europe"
"Guinea-Bissau","Africa"
"United States","America"
"New Caledonia","Australia/Oceania"
"British Virgin Islands","America"
"Germany","Europe"
"Djibouti","Africa"
"South Sudan","Africa"
"Bosnia and Herzegovina","Europe"
"Saint Martin","America"
"Zambia","Africa"
"Ghana","Africa"
"Madagascar","Africa"
"Hong Kong","Asia"
"Cape Verde","Africa"
"Greece","Europe"
"Poland","Europe"
"Senegal","Africa"
"Sierra Leone","Africa"
"Liechtenstein","Europe"
"Gabon","Africa"
"Chad","Africa"
"Liberia","Africa"
"Equatorial Guinea","Africa"
"Namibia","Africa"
"France","Europe"
"Qatar","Asia"
"Haiti","America"
"Gambia","Africa"
"Albania","Europe"
"Somalia","Africa"
"Svalbard","Europe"
"American Samoa","Australia/Oceania"
"Portugal","Europe"
"Azerbaijan","Asia"
"Latvia","Europe"
"El Salvador","America"
"Zimbabwe","Africa"
"Sri Lanka","Asia"
"Czech Republic","Europe"
"Yemen","Asia"
"Angola","Africa"
"Ukraine","Europe"
"Sweden","Europe"
"Cambodia","Asia"
"Macao","Asia"
"Slovakia","Europe"
"Mexico","America"
"South Africa","Africa"
"Montenegro","Europe"
"Japan","Asia"
"United Arab Emirates","Asia"
"Guyana","America"
"Kyrgyzstan","Asia"
"Romania","Europe"
"Uruguay","America"
"Mongolia","Asia"
"Iraq","Asia"
"Bahrain","Asia"
"Niger","Africa"
"Burundi","Africa"
"San Marino","Europe"
"Togo","Africa"
"Iceland","Europe"
"Trinidad and Tobago","America"
"Vietnam","Asia"
"North Korea","Asia"
"Marshall Islands","Australia/Oceania"
"Papua New Guinea","Australia/Oceania"
"Australia","Australia/Oceania"
"Russia","Europe"
"Russia","Asia"
"Western Sahara","Africa"
"China","Asia"
"Cook Islands","Australia/Oceania"
"Jamaica","America"
"Ecuador","America"
"Bahamas","America"
"Guernsey","Europe"
"Virgin Islands","America"
"India","Asia"
"Nigeria","Africa"
"Bolivia","America"
"Mauritania","Africa"
"Saudi Arabia","Asia"
"Solomon Islands","Australia/Oceania"
"Netherlands","Europe"
"Fiji","Australia/Oceania"
"Wallis and Futuna","Australia/Oceania"
"Aruba","America"
"Holy See","Europe"
"Ceuta","Africa"
"Ethiopia","Africa"
"Bhutan","Asia"
"Chile","America"
"Faroe Islands","Europe"
"Belarus","Europe"
"Saint Kitts and Nevis","America"
"Malta","Europe"
"Tajikistan","Asia"
"Singapore","Asia"
"Jordan","Asia"
"Brazil","America"
"Malaysia","Asia"
"Micronesia","Australia/Oceania"
"Uganda","Africa"
"Nepal","Asia"
"Comoros","Africa"
"Curacao","America"
"Thailand","Asia"
"Luxembourg","Europe"
"Nicaragua","America"
"Andorra","Europe"
"Guinea","Africa"
"Cayman Islands","America"
"Zaire","Africa"
"Kuwait","Asia"
"Tanzania","Africa"
"Malawi","Africa"
"Saint Lucia","America"
"Dominica","America"
"Israel","Asia"
"Turkmenistan","Asia"
"Colombia","America"
"Cameroon","Africa"
"Sao Tome and Principe","Africa"
"Bangladesh","Asia"
"Guadeloupe","America"
"Lebanon","Asia"
"Timor-Leste","Asia"
"Niue","Australia/Oceania"
"Mali","Africa"
"Isle of Man","Europe"
"Congo","Africa"
"French Guiana","America"
"Paraguay","America"
"Kazakhstan","Asia"
"Kazakhstan","Europe"
"Central African Republic","Africa"
"Tokelau","Australia/Oceania"
"Cocos Islands","Australia/Oceania"
"Philippines","Asia"
"Cyprus","Europe"
"Peru","America"
"Saint Pierre and Miquelon","America"
"Canada","America"
"Slovenia","Europe"
"Kosovo","Europe"
"Belize","America"
"Syria","Asia"
"Argentina","America"
"Norway","Europe"
"Morocco","Africa"
"Turks and Caicos Islands","America"
"South Korea","Asia"
"Melilla","Africa"
"Bulgaria","Europe"
"Guam","Australia/Oceania"
"Saint Barthelemy","America"
"Mayotte","Africa"
"Georgia","Asia"
"Burkina Faso","Africa"
"Libya","Africa"
"Laos","Asia"
"Switzerland","Europe"
"Lesotho","Africa"
"Pitcairn","Australia/Oceania"
"Swaziland","Africa"
"Montserrat","America"
"Gaza Strip","Asia"
"Samoa","Australia/Oceania"
"Serbia","Europe"
"Oman","Asia"
"Nauru","Australia/Oceania"
"Cuba","America"
"Dominican Republic","America"
"Honduras","America"
"Kiribati","Australia/Oceania"
"Barbados","America"
"Iran","Asia"
"Tonga","Australia/Oceania"
"Uzbekistan","Asia"
"Cote dIvoire","Africa"
"Italy","Europe"
"Denmark","Europe"
"Venezuela","America"
"Kenya","Africa"
"Bermuda","America"
"Jersey","Europe"
"Hungary","Europe"
"Falkland Islands","America"
"French Polynesia","Australia/Oceania"
"Taiwan","Asia"
"Sudan","Africa"
"Myanmar","Asia"
"Saint Helena","Africa"
"Botswana","Africa"
"Northern Mariana Islands","Australia/Oceania"
"Norfolk Island","Australia/Oceania"
"Eritrea","Africa"
"Benin","Africa"
"Martinique","America"
"Ireland","Europe"
"Moldova","Europe"
"Lithuania","Europe"
"Suriname","America"
"Maldives","Asia"
"Mozambique","Africa"
"Puerto Rico","America"
"Monaco","Europe"
"Tunisia","Africa"
"Estonia","Europe"
"Brunei","Asia"
"Antigua and Barbuda","America"
"Palau","Australia/Oceania"
"West Bank","Asia"
"Sint Maarten","America"
"Seychelles","Africa"
"New Zealand","Australia/Oceania"
"Grenada","America"
"Afghanistan","Asia"
"Panama","America"
"Pakistan","Asia"
"Gibraltar","Europe"
"Finland","Europe"
"Armenia","Asia"
"Algeria","Africa"
"Rwanda","Africa"
"United Kingdom","Europe"
"Turkey","Asia"
"Turkey","Europe"
"Croatia","Europe"
"Austria","Europe"
